{
  "RF": {
    "R2_train": 0.762241,
    "RMSE_train": 0.52062,
    "MAE_train": 0.393195,
    "R2_test": 0.647853,
    "RMSE_test": 0.641279,
    "MAE_test": 0.46232,
    "Q2_LOO": null,
    "Q2_5fold": 0.608267,
    "fold_Q2s": [
      0.599354,
      0.508871,
      0.75863,
      0.579994,
      0.594488
    ],
    "Q2_F1": 0.647988,
    "Q2_F2": 0.647853,
    "CCC": 0.77444
  },
  "Poly-SVM": {
    "R2_train": 0.987702,
    "RMSE_train": 0.118403,
    "MAE_train": 0.097788,
    "R2_test": 0.710324,
    "RMSE_test": 0.581623,
    "MAE_test": 0.436687,
    "Q2_LOO": null,
    "Q2_5fold": 0.620016,
    "fold_Q2s": [
      0.696061,
      0.464339,
      0.724839,
      0.619627,
      0.595215
    ],
    "Q2_F1": 0.710435,
    "Q2_F2": 0.710324,
    "CCC": 0.838379
  },
  "RBF-SVM": {
    "R2_train": 0.987559,
    "RMSE_train": 0.119092,
    "MAE_train": 0.099144,
    "R2_test": 0.686604,
    "RMSE_test": 0.604967,
    "MAE_test": 0.462569,
    "Q2_LOO": null,
    "Q2_5fold": 0.600626,
    "fold_Q2s": [
      0.578014,
      0.428304,
      0.71828,
      0.660041,
      0.618495
    ],
    "Q2_F1": 0.686725,
    "Q2_F2": 0.686604,
    "CCC": 0.804859
  },
  "MIX-SVM": {
    "R2_train": 0.987212,
    "RMSE_train": 0.120739,
    "MAE_train": 0.058218,
    "R2_test": 0.727728,
    "RMSE_test": 0.563879,
    "MAE_test": 0.43107,
    "Q2_LOO": 0.682097,
    "Q2_5fold": 0.646583,
    "fold_Q2s": [
      0.711508,
      0.501551,
      0.766393,
      0.644856,
      0.608607
    ],
    "Q2_F1": 0.727833,
    "Q2_F2": 0.727728,
    "CCC": 0.842234
  }
}