{
  "mean_R2_yrand": 0.779137,
  "mean_Q2_yrand": -0.308164,
  "passed_R2": false,
  "passed_Q2": true,
  "R2_yrand_all": [
    0.745761,
    0.798734,
    0.784146,
    0.732783,
    0.815816,
    0.754149,
    0.781318,
    0.775574,
    0.812014,
    0.791073
  ],
  "Q2_yrand_all": [
    -0.296729,
    -0.28983,
    -0.34957,
    -0.432478,
    -0.194957,
    -0.397397,
    -0.162349,
    -0.310774,
    -0.239753,
    -0.407805
  ]
}