{
  "best_svr_params": {
    "C": 0.002069914640842144,
    "epsilon": 0.03845650512764238
  },
  "best_kernel_params": {
    "alpha": 0.5,
    "beta": 0.05,
    "sigma": 3.554395882571237,
    "degree": 2,
    "gamma": 0.19143823205396615,
    "coef0": 5.0
  },
  "Q2_5fold_CLPSO": 0.646583,
  "R2_train": 0.987212,
  "RMSE_train": 0.120739,
  "mix_weights": {
    "alpha": 0.5,
    "beta": 0.05,
    "gamma_lin": 0.45
  },
  "opt_changes": {
    "C_bounds": "[0.001,50]",
    "sigma_bounds": "[0.5,5000]",
    "K_linear_min": 0.05,
    "particles": 60,
    "iters": 150
  },
  "clpso_history": {
    "best": [
      0.628818,
      0.628818,
      0.637941,
      0.637941,
      0.637941,
      0.637941,
      0.637941,
      0.637941,
      0.640241,
      0.640241,
      0.640241,
      0.640241,
      0.640241,
      0.644241,
      0.644241,
      0.644241,
      0.644241,
      0.644241,
      0.644241,
      0.644241,
      0.644241,
      0.644241,
      0.644241,
      0.644241,
      0.644241,
      0.644241,
      0.644241,
      0.644468,
      0.644468,
      0.644468,
      0.644468,
      0.644468,
      0.644468,
      0.644629,
      0.644629,
      0.644629,
      0.644629,
      0.645053,
      0.645053,
      0.645053,
      0.645053,
      0.645053,
      0.645053,
      0.645053,
      0.645053,
      0.645053,
      0.645053,
      0.645053,
      0.645053,
      0.645053,
      0.645053,
      0.645053,
      0.645333,
      0.645333,
      0.645333,
      0.645333,
      0.645333,
      0.645333,
      0.645333,
      0.645333,
      0.645333,
      0.645333,
      0.645333,
      0.645333,
      0.645333,
      0.645333,
      0.645333,
      0.645333,
      0.645333,
      0.645333,
      0.645333,
      0.645333,
      0.645333,
      0.645333,
      0.645333,
      0.645333,
      0.645333,
      0.645333,
      0.645333,
      0.645333,
      0.645333,
      0.645333,
      0.645333,
      0.645333,
      0.645333,
      0.645333,
      0.645333,
      0.645333,
      0.645333,
      0.645333,
      0.645333,
      0.645333,
      0.645333,
      0.645333,
      0.645333,
      0.645333,
      0.645333,
      0.645333,
      0.645333,
      0.645333,
      0.645333,
      0.645333,
      0.645333,
      0.645333,
      0.645333,
      0.645333,
      0.645333,
      0.645725,
      0.645725,
      0.645725,
      0.645725,
      0.645725,
      0.645725,
      0.645725,
      0.645725,
      0.645725,
      0.645725,
      0.645725,
      0.645725,
      0.645804,
      0.645902,
      0.645902,
      0.645974,
      0.645974,
      0.645974,
      0.645974,
      0.645974,
      0.645974,
      0.645974,
      0.645974,
      0.645974,
      0.645974,
      0.645974,
      0.645974,
      0.646146,
      0.646146,
      0.646146,
      0.646146,
      0.646146,
      0.646146,
      0.646146,
      0.646146,
      0.646146,
      0.646146,
      0.646146,
      0.646583,
      0.646583,
      0.646583,
      0.646583,
      0.646583,
      0.646583
    ],
    "mean": [
      -2703.825578,
      -68.96719,
      0.567838,
      0.587239,
      0.59425,
      0.604533,
      0.610182,
      0.615501,
      0.617179,
      0.618624,
      0.621703,
      0.622884,
      0.624413,
      0.625475,
      0.626522,
      0.628566,
      0.628944,
      0.630011,
      0.630905,
      0.633192,
      0.634557,
      0.635144,
      0.635263,
      0.635924,
      0.636768,
      0.637558,
      0.63776,
      0.63826,
      0.638819,
      0.639013,
      0.639328,
      0.639439,
      0.639603,
      0.639699,
      0.63991,
      0.640246,
      0.64049,
      0.640718,
      0.641021,
      0.641338,
      0.641386,
      0.641577,
      0.641787,
      0.642073,
      0.64213,
      0.642224,
      0.642269,
      0.642358,
      0.642522,
      0.64264,
      0.642785,
      0.642941,
      0.643037,
      0.643206,
      0.643334,
      0.643358,
      0.643483,
      0.643488,
      0.643547,
      0.643668,
      0.643819,
      0.643847,
      0.643848,
      0.643859,
      0.643946,
      0.643946,
      0.643989,
      0.644009,
      0.644058,
      0.644173,
      0.64422,
      0.644237,
      0.644262,
      0.644285,
      0.644292,
      0.644292,
      0.644342,
      0.644375,
      0.644398,
      0.644408,
      0.644413,
      0.644425,
      0.644445,
      0.64445,
      0.644476,
      0.644505,
      0.644537,
      0.644565,
      0.644566,
      0.644568,
      0.644585,
      0.644628,
      0.644629,
      0.644638,
      0.644642,
      0.644656,
      0.644669,
      0.644684,
      0.6447,
      0.644702,
      0.644708,
      0.644744,
      0.644757,
      0.6448,
      0.644834,
      0.644863,
      0.644877,
      0.644905,
      0.644909,
      0.644925,
      0.644941,
      0.644948,
      0.644955,
      0.64496,
      0.644968,
      0.64498,
      0.645002,
      0.645027,
      0.645035,
      0.645088,
      0.645125,
      0.645159,
      0.645188,
      0.645209,
      0.645214,
      0.645247,
      0.645262,
      0.645295,
      0.645309,
      0.645336,
      0.645358,
      0.645374,
      0.645404,
      0.645436,
      0.64546,
      0.645481,
      0.645511,
      0.645522,
      0.645544,
      0.645577,
      0.645592,
      0.645629,
      0.645663,
      0.64567,
      0.645694,
      0.645721,
      0.645739,
      0.645748,
      0.645759,
      0.645786,
      0.645816
    ],
    "worst": [
      -85824.063484,
      -4169.10731,
      -0.263313,
      0.399098,
      0.442291,
      0.502028,
      0.538224,
      0.538224,
      0.538224,
      0.538224,
      0.538224,
      0.553127,
      0.581121,
      0.581121,
      0.581121,
      0.581121,
      0.581121,
      0.581121,
      0.581121,
      0.597596,
      0.620452,
      0.620452,
      0.620452,
      0.620627,
      0.622943,
      0.623974,
      0.623974,
      0.623974,
      0.629025,
      0.629025,
      0.629295,
      0.629295,
      0.629295,
      0.629295,
      0.629295,
      0.629295,
      0.629295,
      0.63142,
      0.63142,
      0.63142,
      0.63142,
      0.633827,
      0.633827,
      0.633827,
      0.633827,
      0.633827,
      0.633827,
      0.633827,
      0.633827,
      0.633827,
      0.636894,
      0.638505,
      0.638505,
      0.638505,
      0.638505,
      0.638505,
      0.640109,
      0.640109,
      0.640109,
      0.640109,
      0.640109,
      0.640109,
      0.640109,
      0.640109,
      0.640109,
      0.640109,
      0.640109,
      0.640109,
      0.640109,
      0.64246,
      0.64246,
      0.64246,
      0.64246,
      0.64246,
      0.64246,
      0.64246,
      0.64246,
      0.64246,
      0.64246,
      0.64246,
      0.64246,
      0.64246,
      0.64246,
      0.64246,
      0.64246,
      0.64246,
      0.64246,
      0.64246,
      0.64246,
      0.64246,
      0.64246,
      0.64246,
      0.64246,
      0.64246,
      0.64246,
      0.64246,
      0.64246,
      0.64246,
      0.64246,
      0.64246,
      0.64246,
      0.64246,
      0.64246,
      0.643937,
      0.644299,
      0.644299,
      0.644373,
      0.644373,
      0.644373,
      0.644373,
      0.644373,
      0.644373,
      0.644373,
      0.644373,
      0.644373,
      0.644373,
      0.644373,
      0.644492,
      0.644492,
      0.644492,
      0.644788,
      0.644788,
      0.644851,
      0.644873,
      0.644873,
      0.644873,
      0.644873,
      0.644873,
      0.644873,
      0.644873,
      0.644873,
      0.644873,
      0.644873,
      0.644873,
      0.644873,
      0.64494,
      0.645136,
      0.645136,
      0.645136,
      0.645136,
      0.645207,
      0.645207,
      0.645207,
      0.645268,
      0.645275,
      0.645275,
      0.645296,
      0.645296,
      0.645296,
      0.645475,
      0.645504
    ]
  }
}